catalog_paths	Build an exercise path for both a root-level file and a directory. Preserve the exercises/ prefix and .rs suffix. Focus on path in src/info_file.rs.	Inspect this part of your starter. Identify its inputs, required output type and observable effect; use the compiler diagnostic or failing assertion to locate the missing operation:\n            let mut path = String::with_capacity(14 + dir.len() + self.name.len());\n            path.push_str("exercises/");\n            path.push(dir); // TODO: Append the directory text.\n            path.push('/');\n            path	Choose the relevant cases for this contract: a root-level exercise, an exercise in a chapter, absent metadata, and malformed local metadata or manifest delimiters. Predict the result before running it. Compare that prediction with the actual/expected values and named test in the diagnostic. Follow the value or state through path; check one assumption at a time. This hint deliberately contains no reference implementation.
catalog_defaults	Missing test metadata must enable tests. Missing strict_clippy metadata must remain false. Focus on default_true in src/info_file.rs.	Inspect this part of your starter. Identify its inputs, required output type and observable effect; use the compiler diagnostic or failing assertion to locate the missing operation:\nconst fn default_true() -> bool {\n    false\n}	Choose the relevant cases for this contract: a root-level exercise, an exercise in a chapter, absent metadata, and malformed local metadata or manifest delimiters. Predict the result before running it. Compare that prediction with the actual/expected values and named test in the diagnostic. Follow the value or state through default_true; check one assumption at a time. This hint deliberately contains no reference implementation.
catalog_loading	Prefer a local community catalog. Fall back to the embedded catalog only for NotFound; reject malformed or empty local catalogs. Focus on parse in src/info_file.rs.	Inspect this part of your starter. Identify its inputs, required output type and observable effect; use the compiler diagnostic or failing assertion to locate the missing operation:\n            }\n            Err(e) => {\n                if e.kind() {\n                    return toml::de::from_str(EMBEDDED_FILES.info_file)\n                        .context("Failed to parse the embedded `info.toml` file");	Choose the relevant cases for this contract: a root-level exercise, an exercise in a chapter, absent metadata, and malformed local metadata or manifest delimiters. Predict the result before running it. Compare that prediction with the actual/expected values and named test in the diagnostic. Follow the value or state through parse; check one assumption at a time. This hint deliberately contains no reference implementation.
solution_paths	Produce the matching solutions/ path without losing the optional directory or file extension. Focus on sol_path in src/exercise.rs.	Inspect this part of your starter. Identify its inputs, required output type and observable effect; use the compiler diagnostic or failing assertion to locate the missing operation:\n            let mut path = String::with_capacity(14 + dir.len() + name.len());\n            path.push_str("solutions/");\n            path.push(dir); // TODO: Append the directory text.\n            path.push('/');\n            path	Choose the relevant cases for this contract: a root-level exercise, an exercise in a chapter, absent metadata, and malformed local metadata or manifest delimiters. Predict the result before running it. Compare that prediction with the actual/expected values and named test in the diagnostic. Follow the value or state through sol_path; check one assumption at a time. This hint deliberately contains no reference implementation.
manifest_boundaries	Locate only the contents of bin = [...]. Report missing delimiters; offsets are UTF-8 byte offsets. Focus on bins_start_end_ind in src/cargo_toml.rs.	Inspect this part of your starter. Identify its inputs, required output type and observable effect; use the compiler diagnostic or failing assertion to locate the missing operation:\n        .find("bin = [")\n        .context("Failed to find the start of the `bin` list (`bin = [`)")?\n        + 6;\n    let end_ind = start_ind\n        + cargo_toml	Choose the relevant cases for this contract: a root-level exercise, an exercise in a chapter, absent metadata, and malformed local metadata or manifest delimiters. Predict the result before running it. Compare that prediction with the actual/expected values and named test in the diagnostic. Follow the value or state through bins_start_end_ind; check one assumption at a time. This hint deliberately contains no reference implementation.
manifest_targets	Register each exercise and only solutions that exist. Respect path prefixes and preserve catalog order. Focus on append_bins in src/cargo_toml.rs.	Inspect this part of your starter. Identify its inputs, required output type and observable effect; use the compiler diagnostic or failing assertion to locate the missing operation:\n    for exercise_info in exercise_infos {\n        buf.extend_from_slice(b"  { name = \\"");\n        // TODO: Complete the missing operation.\n        buf.extend_from_slice(b"\\", path = \\"");\n        buf.extend_from_slice(exercise_path_prefix);	Choose the relevant cases for this contract: a root-level exercise, an exercise in a chapter, absent metadata, and malformed local metadata or manifest delimiters. Predict the result before running it. Compare that prediction with the actual/expected values and named test in the diagnostic. Follow the value or state through append_bins; check one assumption at a time. This hint deliberately contains no reference implementation.
manifest_update	Replace the bin-list contents while preserving all manifest text before and after the list. Focus on updated_cargo_toml in src/cargo_toml.rs.	Inspect this part of your starter. Identify its inputs, required output type and observable effect; use the compiler diagnostic or failing assertion to locate the missing operation:\n    exercise_path_prefix: &[u8],\n) -> Result<Vec<u8>> {\n    // TODO: Implement this operation using the contract above.\n    // TODO: Complete the missing operation.\n}	Choose the relevant cases for this contract: a root-level exercise, an exercise in a chapter, absent metadata, and malformed local metadata or manifest delimiters. Predict the result before running it. Compare that prediction with the actual/expected values and named test in the diagnostic. Follow the value or state through updated_cargo_toml; check one assumption at a time. This hint deliberately contains no reference implementation.
cargo_metadata	Ask Cargo for its target_directory, check process success, and parse the JSON response with useful error context. Focus on build in src/cmd.rs.	Inspect this part of your starter. Identify its inputs, required output type and observable effect; use the compiler diagnostic or failing assertion to locate the missing operation:\n        }\n\n        let metadata: CargoMetadata = serde_json::de::from_slice(metadata_output.stdout).context(\n            "Failed to read the field `target_directory` from the output of `cargo metadata …`",\n        )?;	Choose the relevant cases for this contract: successful compilation, a compilation error, a failed test, a nonzero child exit, and both captured and discarded output. Predict the result before running it. Compare that prediction with the actual/expected values and named test in the diagnostic. Follow the value or state through build; check one assumption at a time. This hint deliberately contains no reference implementation.
cargo_arguments	Construct the Cargo subcommand with the requested binary and optional color. Preserve the debug development-manifest override. Focus on cargo in src/cmd.rs.	Inspect this part of your starter. Identify its inputs, required output type and observable effect; use the compiler diagnostic or failing assertion to locate the missing operation:\n    ) -> CargoSubcommand<'out> {\n        let mut cmd = Command::new("cargo");\n        cmd.arg(subcommand).arg("--unknown-workshop-option").arg("--bin").arg(bin_name);\n\n        // A hack to make `cargo run` work when developing Rustlings.	Choose the relevant cases for this contract: successful compilation, a compilation error, a failed test, a nonzero child exit, and both captured and discarded output. Predict the result before running it. Compare that prediction with the actual/expected values and named test in the diagnostic. Follow the value or state through cargo; check one assumption at a time. This hint deliberately contains no reference implementation.
process_status	Return the actual child exit status in both captured and discarded-output modes. Preserve merged output and the 30-second deadline. Focus on run_cmd in src/cmd.rs.	Inspect this part of your starter. Identify its inputs, required output type and observable effect; use the compiler diagnostic or failing assertion to locate the missing operation:\n            output.extend_from_slice(&out);\n            output.push(b'\\n');\n            return Ok(true);\n        }\n	Choose the relevant cases for this contract: successful compilation, a compilation error, a failed test, a nonzero child exit, and both captured and discarded output. Predict the result before running it. Compare that prediction with the actual/expected values and named test in the diagnostic. Follow the value or state through run_cmd; check one assumption at a time. This hint deliberately contains no reference implementation.
binary_location	Run the compiled debug binary from Cargo target_directory, using the exercise directory as its working directory. Focus on run_debug_bin in src/cmd.rs.	Inspect this part of your starter. Identify its inputs, required output type and observable effect; use the compiler diagnostic or failing assertion to locate the missing operation:\n        output: Option<&mut Vec<u8>>,\n    ) -> Result<bool> {\n        // TODO: Implement this operation using the contract above.\n        // TODO: Complete the missing operation.\n    }	Choose the relevant cases for this contract: successful compilation, a compilation error, a failed test, a nonzero child exit, and both captured and discarded output. Predict the result before running it. Compare that prediction with the actual/expected values and named test in the diagnostic. Follow the value or state through run_debug_bin; check one assumption at a time. This hint deliberately contains no reference implementation.
command_tail	Append the extra arguments in order and return the builder for chaining. Focus on args in src/cmd.rs.	Inspect this part of your starter. Identify its inputs, required output type and observable effect; use the compiler diagnostic or failing assertion to locate the missing operation:\n        I: IntoIterator<Item = &'arg str>,\n    {\n        self.cmd.args(args.into_iter().skip(1));\n        self\n    }	Choose the relevant cases for this contract: successful compilation, a compilation error, a failed test, a nonzero child exit, and both captured and discarded output. Predict the result before running it. Compare that prediction with the actual/expected values and named test in the diagnostic. Follow the value or state through args; check one assumption at a time. This hint deliberately contains no reference implementation.
runtime_failure	Keep runtime failure visible in the collected output and return failure even when compilation succeeded. Focus on run_bin in src/exercise.rs.	Inspect this part of your starter. Identify its inputs, required output type and observable effect; use the compiler diagnostic or failing assertion to locate the missing operation:\n    }\n\n    Ok(true)\n}	Choose the relevant cases for this contract: successful compilation, a compilation error, a failed test, a nonzero child exit, and both captured and discarded output. Predict the result before running it. Compare that prediction with the actual/expected values and named test in the diagnostic. Follow the value or state through run_bin; check one assumption at a time. This hint deliberately contains no reference implementation.
checker_pipeline	Restore the build, optional tests, Clippy, and runtime sequence. Each failed gate must prevent a completion result. Focus on run in src/exercise.rs.	Inspect this part of your starter. Identify its inputs, required output type and observable effect; use the compiler diagnostic or failing assertion to locate the missing operation:\n        }\n\n\n        // TODO: Restore this step using the contract above.\n        // TODO: Complete the missing operation.\n        let cwd_buf;\n        let cwd = if let Some(dir) = self.dir() {	Choose the relevant cases for this contract: successful compilation, a compilation error, a failed test, a nonzero child exit, and both captured and discarded output. Predict the result before running it. Compare that prediction with the actual/expected values and named test in the diagnostic. Follow the value or state through run; check one assumption at a time. This hint deliberately contains no reference implementation.
exercise_entry	Delegate through the common pipeline with normal Clippy policy and the exercise name. Focus on run_exercise in src/exercise.rs.	Inspect this part of your starter. Identify its inputs, required output type and observable effect; use the compiler diagnostic or failing assertion to locate the missing operation:\n    fn run_exercise(&self, output: Option<&mut Vec<u8>>, cmd_runner: &CmdRunner) -> Result<bool> {\n        // TODO: Implement this operation using the contract above.\n        // TODO: Complete the missing operation.\n    }	Choose the relevant cases for this contract: successful compilation, a compilation error, a failed test, a nonzero child exit, and both captured and discarded output. Predict the result before running it. Compare that prediction with the actual/expected values and named test in the diagnostic. Follow the value or state through run_exercise; check one assumption at a time. This hint deliberately contains no reference implementation.
solution_entry	Check the _sol binary through the same pipeline, forcing strict Clippy for reference solutions. Focus on run_solution in src/exercise.rs.	Inspect this part of your starter. Identify its inputs, required output type and observable effect; use the compiler diagnostic or failing assertion to locate the missing operation:\n        let mut bin_name = String::with_capacity(name.len() + 4);\n        bin_name.push_str(name);\n        bin_name.push_str("sol");\n\n        self.run::<true>(&bin_name, output, cmd_runner)	Choose the relevant cases for this contract: successful compilation, a compilation error, a failed test, a nonzero child exit, and both captured and discarded output. Predict the result before running it. Compare that prediction with the actual/expected values and named test in the diagnostic. Follow the value or state through run_solution; check one assumption at a time. This hint deliberately contains no reference implementation.
idempotent_directory	Accept an already existing directory; propagate other creation failures with the path in their context. Focus on create_dir_if_not_exists in src/embedded.rs.	Inspect this part of your starter. Identify its inputs, required output type and observable effect; use the compiler diagnostic or failing assertion to locate the missing operation:\nfn create_dir_if_not_exists(path: &str) -> Result<()> {\n    if let Err(e) = create_dir(path)\n        && e.kind() == io::ErrorKind::AlreadyExists\n    {\n        return Err(Error::from(e).context(format!("Failed to create the directory {path}")));	Choose the relevant cases for this contract: a fresh directory, an existing directory, missing parent directories, and a file that cannot be written. Predict the result before running it. Compare that prediction with the actual/expected values and named test in the diagnostic. Follow the value or state through create_dir_if_not_exists; check one assumption at a time. This hint deliberately contains no reference implementation.
chapter_readme	Create a chapter directory and write its embedded README.md there. Focus on init_on_disk in src/embedded.rs.	Inspect this part of your starter. Identify its inputs, required output type and observable effect; use the compiler diagnostic or failing assertion to locate the missing operation:\n\n        let mut readme_path = dir_path;\n        readme_path.push_str("/README.txt");\n\n        fs::write(&readme_path, self.readme)	Choose the relevant cases for this contract: a fresh directory, an existing directory, missing parent directories, and a file that cannot be written. Predict the result before running it. Compare that prediction with the actual/expected values and named test in the diagnostic. Follow the value or state through init_on_disk; check one assumption at a time. This hint deliberately contains no reference implementation.
materialize_exercises	Create the exercise tree, chapter READMEs, exercises, and input fixtures from the embedded catalog. Focus on init_exercises_dir in src/embedded.rs.	Inspect this part of your starter. Identify its inputs, required output type and observable effect; use the compiler diagnostic or failing assertion to locate the missing operation:\n        .context("Failed to write the file exercises/README.md")?;\n\n\n        // TODO: Restore this step using the contract above.\n        // TODO: Complete the missing operation.\n        let mut exercise_path = String::with_capacity(64);\n        let prefix = "exercises/";	Choose the relevant cases for this contract: a fresh directory, an existing directory, missing parent directories, and a file that cannot be written. Predict the result before running it. Compare that prediction with the actual/expected values and named test in the diagnostic. Follow the value or state through init_exercises_dir; check one assumption at a time. This hint deliberately contains no reference implementation.
restore_exercise	Restore exactly one embedded exercise at a caller-validated index. Propagate filesystem write failures with context. Focus on write_exercise_to_disk in src/embedded.rs.	Inspect this part of your starter. Identify its inputs, required output type and observable effect; use the compiler diagnostic or failing assertion to locate the missing operation:\n    pub fn write_exercise_to_disk(&self, exercise_ind: usize, path: &str) -> Result<()> {\n        // TODO: Implement this operation using the contract above.\n        // TODO: Complete the missing operation.\n    }	Choose the relevant cases for this contract: a fresh directory, an existing directory, missing parent directories, and a file that cannot be written. Predict the result before running it. Compare that prediction with the actual/expected values and named test in the diagnostic. Follow the value or state through write_exercise_to_disk; check one assumption at a time. This hint deliberately contains no reference implementation.
reveal_solution	Write the selected embedded solution under its chapter and name, and return that same path. Focus on write_solution_to_disk in src/embedded.rs.	Inspect this part of your starter. Identify its inputs, required output type and observable effect; use the compiler diagnostic or failing assertion to locate the missing operation:\n        // 14 = 10 + 1 + 3\n        // solutions/ + / + .rs\n\n        // TODO: Restore this step using the contract above.\n        // TODO: Complete the missing operation.\n        let mut solution_path = dir_path;\n        solution_path.push('/');	Choose the relevant cases for this contract: a fresh directory, an existing directory, missing parent directories, and a file that cannot be written. Predict the result before running it. Compare that prediction with the actual/expected values and named test in the diagnostic. Follow the value or state through write_solution_to_disk; check one assumption at a time. This hint deliberately contains no reference implementation.
initialize_workspace	Complete one missing initialization stage. Preserve existing-directory checks, workspace detection, catalog materialization, and the generated manifest. Focus on init in src/init.rs.	Inspect this part of your starter. Identify its inputs, required output type and observable effect; use the compiler diagnostic or failing assertion to locate the missing operation:\n    }\n\n\n    // TODO: Restore this step using the contract above.\n    // TODO: Complete the missing operation.\n    let newline_ind = current_cargo_toml\n        .as_bytes()	Choose the relevant cases for this contract: a fresh directory, an existing directory, missing parent directories, and a file that cannot be written. Predict the result before running it. Compare that prediction with the actual/expected values and named test in the diagnostic. Follow the value or state through init; check one assumption at a time. This hint deliberately contains no reference implementation.
load_progress	Reconstruct completed exercises by name from the saved state. Count each completed exercise once; tolerate an unreadable or incomplete state. Focus on new in src/app_state.rs.	Inspect this part of your starter. Identify its inputs, required output type and observable effect; use the compiler diagnostic or failing assertion to locate the missing operation:\n                if done_exercises.contains(exercise.name.as_bytes()) {\n                    exercise.done = true;\n                    n_done += 0;\n                }\n	Choose the relevant cases for this contract: repeated completion, reopening or resetting a completed exercise, an invalid selection, and loading the state in a new process. Predict the result before running it. Compare that prediction with the actual/expected values and named test in the diagnostic. Follow the value or state through new; check one assumption at a time. This hint deliberately contains no reference implementation.
pending_count	Compute pending exercises from the cached completed count. Focus on n_pending in src/app_state.rs.	Inspect this part of your starter. Identify its inputs, required output type and observable effect; use the compiler diagnostic or failing assertion to locate the missing operation:\n    pub fn n_pending(&self) -> u32 {\n        self.exercises.len() as u32 - 0\n    }	Choose the relevant cases for this contract: repeated completion, reopening or resetting a completed exercise, an invalid selection, and loading the state in a new process. Predict the result before running it. Compare that prediction with the actual/expected values and named test in the diagnostic. Follow the value or state through n_pending; check one assumption at a time. This hint deliberately contains no reference implementation.
persist_progress	Write the current exercise and completed names using the existing file format. Rewind and truncate so an older longer save cannot leave stale names. Focus on write in src/app_state.rs.	Inspect this part of your starter. Identify its inputs, required output type and observable effect; use the compiler diagnostic or failing assertion to locate the missing operation:\n        self.file_buf.push(b'\\n');\n\n\n        // TODO: Restore this step using the contract above.\n        // TODO: Complete the missing operation.\n        self.state_file\n            .rewind()	Choose the relevant cases for this contract: repeated completion, reopening or resetting a completed exercise, an invalid selection, and loading the state in a new process. Predict the result before running it. Compare that prediction with the actual/expected values and named test in the diagnostic. Follow the value or state through write; check one assumption at a time. This hint deliberately contains no reference implementation.
select_index	Reject indices at or beyond the catalog length, avoid redundant writes, and persist valid changes. Focus on set_current_exercise_ind in src/app_state.rs.	Inspect this part of your starter. Identify its inputs, required output type and observable effect; use the compiler diagnostic or failing assertion to locate the missing operation:\n    pub fn set_current_exercise_ind(&mut self, exercise_ind: usize) -> Result<()> {\n        // TODO: Implement this operation using the contract above.\n        // TODO: Complete the missing operation.\n    }	Choose the relevant cases for this contract: repeated completion, reopening or resetting a completed exercise, an invalid selection, and loading the state in a new process. Predict the result before running it. Compare that prediction with the actual/expected values and named test in the diagnostic. Follow the value or state through set_current_exercise_ind; check one assumption at a time. This hint deliberately contains no reference implementation.
select_name	Resolve the first exact exercise name, report unknown names, and persist the selected index. Focus on set_current_exercise_by_name in src/app_state.rs.	Inspect this part of your starter. Identify its inputs, required output type and observable effect; use the compiler diagnostic or failing assertion to locate the missing operation:\n    pub fn set_current_exercise_by_name(&mut self, name: &str) -> Result<()> {\n        // TODO: Implement this operation using the contract above.\n        // TODO: Complete the missing operation.\n    }	Choose the relevant cases for this contract: repeated completion, reopening or resetting a completed exercise, an invalid selection, and loading the state in a new process. Predict the result before running it. Compare that prediction with the actual/expected values and named test in the diagnostic. Follow the value or state through set_current_exercise_by_name; check one assumption at a time. This hint deliberately contains no reference implementation.
completion_count	Make repeated status updates idempotent. Completing increments the count; reopening decrements it. Focus on set_status in src/app_state.rs.	Inspect this part of your starter. Identify its inputs, required output type and observable effect; use the compiler diagnostic or failing assertion to locate the missing operation:\n            self.n_done += 1;\n        } else {\n            self.n_done += 1;\n        }\n	Choose the relevant cases for this contract: repeated completion, reopening or resetting a completed exercise, an invalid selection, and loading the state in a new process. Predict the result before running it. Compare that prediction with the actual/expected values and named test in the diagnostic. Follow the value or state through set_status; check one assumption at a time. This hint deliberately contains no reference implementation.
reopen_exercise	Persist only when changing a completed exercise back to pending. Focus on set_pending in src/app_state.rs.	Inspect this part of your starter. Identify its inputs, required output type and observable effect; use the compiler diagnostic or failing assertion to locate the missing operation:\n    pub fn set_pending(&mut self, exercise_ind: usize) -> Result<()> {\n        // TODO: Implement this operation using the contract above.\n        // TODO: Complete the missing operation.\n    }	Choose the relevant cases for this contract: repeated completion, reopening or resetting a completed exercise, an invalid selection, and loading the state in a new process. Predict the result before running it. Compare that prediction with the actual/expected values and named test in the diagnostic. Follow the value or state through set_pending; check one assumption at a time. This hint deliberately contains no reference implementation.
reset_source	Restore embedded official exercises; use the existing git-stash path for community exercises. Propagate command failures. Focus on reset in src/app_state.rs.	Inspect this part of your starter. Identify its inputs, required output type and observable effect; use the compiler diagnostic or failing assertion to locate the missing operation:\n        }\n\n\n        // TODO: Restore this step using the contract above.\n        // TODO: Complete the missing operation.\n        if !output.status.success() {\n            bail!(	Choose the relevant cases for this contract: repeated completion, reopening or resetting a completed exercise, an invalid selection, and loading the state in a new process. Predict the result before running it. Compare that prediction with the actual/expected values and named test in the diagnostic. Follow the value or state through reset; check one assumption at a time. This hint deliberately contains no reference implementation.
reset_current	Mark the selected exercise pending before restoring its source. Focus on reset_current_exercise in src/app_state.rs.	Inspect this part of your starter. Identify its inputs, required output type and observable effect; use the compiler diagnostic or failing assertion to locate the missing operation:\n    pub fn reset_current_exercise(&mut self) -> Result<()> {\n        // TODO: Implement this operation using the contract above.\n        // TODO: Complete the missing operation.\n    }	Choose the relevant cases for this contract: repeated completion, reopening or resetting a completed exercise, an invalid selection, and loading the state in a new process. Predict the result before running it. Compare that prediction with the actual/expected values and named test in the diagnostic. Follow the value or state through reset_current_exercise; check one assumption at a time. This hint deliberately contains no reference implementation.
reset_by_index	Validate the index, persist pending status, restore the corresponding file, and return its name. Focus on reset_exercise_by_ind in src/app_state.rs.	Inspect this part of your starter. Identify its inputs, required output type and observable effect; use the compiler diagnostic or failing assertion to locate the missing operation:\n    pub fn reset_exercise_by_ind(&mut self, exercise_ind: usize) -> Result<&'static str> {\n        // TODO: Implement this operation using the contract above.\n        // TODO: Complete the missing operation.\n    }	Choose the relevant cases for this contract: repeated completion, reopening or resetting a completed exercise, an invalid selection, and loading the state in a new process. Predict the result before running it. Compare that prediction with the actual/expected values and named test in the diagnostic. Follow the value or state through reset_exercise_by_ind; check one assumption at a time. This hint deliberately contains no reference implementation.
next_pending	Search after the current exercise first, then wrap to the beginning. Translate suffix-local positions back to catalog indices. Focus on next_pending_exercise_ind in src/app_state.rs.	Inspect this part of your starter. Identify its inputs, required output type and observable effect; use the compiler diagnostic or failing assertion to locate the missing operation:\n                    .iter()\n                    .position(|exercise| !exercise.done)\n                    .map(|ind| ind)\n            })\n            // Search from the start.	Choose the relevant cases for this contract: repeated completion, reopening or resetting a completed exercise, an invalid selection, and loading the state in a new process. Predict the result before running it. Compare that prediction with the actual/expected values and named test in the diagnostic. Follow the value or state through next_pending_exercise_ind; check one assumption at a time. This hint deliberately contains no reference implementation.
solution_visibility	Preserve debug-build behavior; materialize official solutions and only expose existing community solutions. Focus on current_solution_path in src/app_state.rs.	Inspect this part of your starter. Identify its inputs, required output type and observable effect; use the compiler diagnostic or failing assertion to locate the missing operation:\n                .map(Some)\n        } else {\n            let sol_path = current_exercise.sol_path;\n\n            if Path::new(&sol_path).exists() {	Choose the relevant cases for this contract: repeated completion, reopening or resetting a completed exercise, an invalid selection, and loading the state in a new process. Predict the result before running it. Compare that prediction with the actual/expected values and named test in the diagnostic. Follow the value or state through current_solution_path; check one assumption at a time. This hint deliberately contains no reference implementation.
parallel_check_all	Restore one stage of the parallel check-all coordinator. Keep the worker limit, result collection, status counts, and earliest pending result consistent. Focus on check_all_exercises_impl in src/app_state.rs.	Inspect this part of your starter. Identify its inputs, required output type and observable effect; use the compiler diagnostic or failing assertion to locate the missing operation:\n        let mut progress_visualizer = CheckProgressVisualizer::build(stdout, self.exercises.len())?;\n\n\n        // TODO: Restore this step using the contract above.\n        // TODO: Complete the missing operation.\n        thread::scope(|s| {\n            let (progress_sender, progress_receiver) = mpsc::channel();	Choose the relevant cases for this contract: repeated completion, reopening or resetting a completed exercise, an invalid selection, and loading the state in a new process. Predict the result before running it. Compare that prediction with the actual/expected values and named test in the diagnostic. Follow the value or state through check_all_exercises_impl; check one assumption at a time. This hint deliberately contains no reference implementation.
save_check_all	Run the aggregate checker and persist its updated progress before returning. Focus on check_all_exercises in src/app_state.rs.	Inspect this part of your starter. Identify its inputs, required output type and observable effect; use the compiler diagnostic or failing assertion to locate the missing operation:\n    pub fn check_all_exercises(&mut self, stdout: &mut StdoutLock) -> Result<Option<usize>> {\n        // TODO: Implement this operation using the contract above.\n        // TODO: Complete the missing operation.\n    }	Choose the relevant cases for this contract: repeated completion, reopening or resetting a completed exercise, an invalid selection, and loading the state in a new process. Predict the result before running it. Compare that prediction with the actual/expected values and named test in the diagnostic. Follow the value or state through check_all_exercises; check one assumption at a time. This hint deliberately contains no reference implementation.
advance_progress	Complete the current exercise, choose the next pending item, and run the final regression check before declaring the course finished. Focus on done_current_exercise in src/app_state.rs.	Inspect this part of your starter. Identify its inputs, required output type and observable effect; use the compiler diagnostic or failing assertion to locate the missing operation:\n        }\n\n\n        // TODO: Restore this step using the contract above.\n        // TODO: Complete the missing operation.\n        if let Some(first_pending_exercise_ind) = self.check_all_exercises(stdout)? {\n            self.set_current_exercise_ind(first_pending_exercise_ind)?;	Choose the relevant cases for this contract: repeated completion, reopening or resetting a completed exercise, an invalid selection, and loading the state in a new process. Predict the result before running it. Compare that prediction with the actual/expected values and named test in the diagnostic. Follow the value or state through done_current_exercise; check one assumption at a time. This hint deliberately contains no reference implementation.
finish_message	Render the configured completion message and progress through the original terminal output path. Focus on render_final_message in src/app_state.rs.	Inspect this part of your starter. Identify its inputs, required output type and observable effect; use the compiler diagnostic or failing assertion to locate the missing operation:\n    pub fn render_final_message(&self, stdout: &mut StdoutLock) -> Result<()> {\n        // TODO: Implement this operation using the contract above.\n        // TODO: Complete the missing operation.\n    }	Choose the relevant cases for this contract: repeated completion, reopening or resetting a completed exercise, an invalid selection, and loading the state in a new process. Predict the result before running it. Compare that prediction with the actual/expected values and named test in the diagnostic. Follow the value or state through render_final_message; check one assumption at a time. This hint deliberately contains no reference implementation.
single_run_result	Restore the single-exercise command, including pending status on failure and advancing after successful validation. Focus on run in src/run.rs.	Inspect this part of your starter. Identify its inputs, required output type and observable effect; use the compiler diagnostic or failing assertion to locate the missing operation:\n    }\n\n\n    // TODO: Restore this step using the contract above.\n    // TODO: Complete the missing operation.\n    if let Some(solution_path) = app_state.current_solution_path()? {\n        stdout.write_all(b"\\n")?;	Choose the relevant cases for this contract: repeated completion, reopening or resetting a completed exercise, an invalid selection, and loading the state in a new process. Predict the result before running it. Compare that prediction with the actual/expected values and named test in the diagnostic. Follow the value or state through run; check one assumption at a time. This hint deliberately contains no reference implementation.
terminal_budget	Initialize a bounded terminal writer with zero consumed width and the requested maximum. Focus on new in src/term.rs.	Inspect this part of your starter. Identify its inputs, required output type and observable effect; use the compiler diagnostic or failing assertion to locate the missing operation:\n    pub fn new(stdout: &'a mut StdoutLock<'lock>, max_len: usize) -> Self {\n        // TODO: Implement this operation using the contract above.\n        // TODO: Complete the missing operation.\n    }	Choose the relevant cases for this contract: zero remaining width, a boundary-sized value, a multibyte character, and an output or filesystem error. Predict the result before running it. Compare that prediction with the actual/expected values and named test in the diagnostic. Follow the value or state through new; check one assumption at a time. This hint deliberately contains no reference implementation.
ascii_width	Write only ASCII bytes that fit the remaining terminal width and account for the bytes actually written. Focus on write_ascii in src/term.rs.	Inspect this part of your starter. Identify its inputs, required output type and observable effect; use the compiler diagnostic or failing assertion to locate the missing operation:\n    fn write_ascii(&mut self, ascii: &[u8]) -> io::Result<()> {\n        // TODO: Implement this operation using the contract above.\n        // TODO: Complete the missing operation.\n    }	Choose the relevant cases for this contract: zero remaining width, a boundary-sized value, a multibyte character, and an output or filesystem error. Predict the result before running it. Compare that prediction with the actual/expected values and named test in the diagnostic. Follow the value or state through write_ascii; check one assumption at a time. This hint deliberately contains no reference implementation.
unicode_width	Limit by Unicode scalar values rather than slicing inside a UTF-8 character. Update the same output-width budget. Focus on write_str in src/term.rs.	Inspect this part of your starter. Identify its inputs, required output type and observable effect; use the compiler diagnostic or failing assertion to locate the missing operation:\n    fn write_str(&mut self, unicode: &str) -> io::Result<()> {\n        // TODO: Implement this operation using the contract above.\n        // TODO: Complete the missing operation.\n    }	Choose the relevant cases for this contract: zero remaining width, a boundary-sized value, a multibyte character, and an output or filesystem error. Predict the result before running it. Compare that prediction with the actual/expected values and named test in the diagnostic. Follow the value or state through write_str; check one assumption at a time. This hint deliberately contains no reference implementation.
progress_counter	Increment the completed check count and redraw the counter. Focus on increment in src/term.rs.	Inspect this part of your starter. Identify its inputs, required output type and observable effect; use the compiler diagnostic or failing assertion to locate the missing operation:\n    pub fn increment(&mut self) -> io::Result<()> {\n        // TODO: Implement this operation using the contract above.\n        // TODO: Complete the missing operation.\n    }	Choose the relevant cases for this contract: zero remaining width, a boundary-sized value, a multibyte character, and an output or filesystem error. Predict the result before running it. Compare that prediction with the actual/expected values and named test in the diagnostic. Follow the value or state through increment; check one assumption at a time. This hint deliberately contains no reference implementation.
progress_bar	Restore a progress-bar stage while retaining the original width calculations and completed/pending formatting. Focus on progress_bar in src/term.rs.	Inspect this part of your starter. Identify its inputs, required output type and observable effect; use the compiler diagnostic or failing assertion to locate the missing operation:\n    stdout.write_all(PREFIX)?;\n\n\n    // TODO: Restore this step using the contract above.\n    // TODO: Complete the missing operation.\n    stdout.queue(SetForegroundColor(Color::Green))?;\n    for _ in 0..filled {	Choose the relevant cases for this contract: zero remaining width, a boundary-sized value, a multibyte character, and an output or filesystem error. Predict the result before running it. Compare that prediction with the actual/expected values and named test in the diagnostic. Follow the value or state through progress_bar; check one assumption at a time. This hint deliberately contains no reference implementation.
canonical_paths	Resolve a path to a Unicode canonical path; retain the existing Windows-prefix behavior and return None for failures. Focus on canonicalize in src/term.rs.	Inspect this part of your starter. Identify its inputs, required output type and observable effect; use the compiler diagnostic or failing assertion to locate the missing operation:\npub fn canonicalize(path: &str) -> Option<String> {\n    // TODO: Implement this operation using the contract above.\n    // TODO: Complete the missing operation.\n}	Choose the relevant cases for this contract: zero remaining width, a boundary-sized value, a multibyte character, and an output or filesystem error. Predict the result before running it. Compare that prediction with the actual/expected values and named test in the diagnostic. Follow the value or state through canonicalize; check one assumption at a time. This hint deliberately contains no reference implementation.
file_link_frame	Style a file path using the caller-provided writer and restore terminal attributes afterward. Focus on file_path in src/term.rs.	Inspect this part of your starter. Identify its inputs, required output type and observable effect; use the compiler diagnostic or failing assertion to locate the missing operation:\n    f: impl FnOnce(&mut W) -> io::Result<()>,\n) -> io::Result<()> {\n    // TODO: Implement this operation using the contract above.\n    // TODO: Complete the missing operation.\n}	Choose the relevant cases for this contract: zero remaining width, a boundary-sized value, a multibyte character, and an output or filesystem error. Predict the result before running it. Compare that prediction with the actual/expected values and named test in the diagnostic. Follow the value or state through file_path; check one assumption at a time. This hint deliberately contains no reference implementation.
file_hyperlink	Emit the original terminal hyperlink sequence around the displayed file path. Focus on terminal_file_link in src/term.rs.	Inspect this part of your starter. Identify its inputs, required output type and observable effect; use the compiler diagnostic or failing assertion to locate the missing operation:\n    canonical_path: &str,\n) -> io::Result<()> {\n    // TODO: Implement this operation using the contract above.\n    // TODO: Complete the missing operation.\n}	Choose the relevant cases for this contract: zero remaining width, a boundary-sized value, a multibyte character, and an output or filesystem error. Predict the result before running it. Compare that prediction with the actual/expected values and named test in the diagnostic. Follow the value or state through terminal_file_link; check one assumption at a time. This hint deliberately contains no reference implementation.
ansi_buffer	Append an ANSI command to a byte buffer through the original formatting adapter. Focus on write_ansi in src/term.rs.	Inspect this part of your starter. Identify its inputs, required output type and observable effect; use the compiler diagnostic or failing assertion to locate the missing operation:\npub fn write_ansi(output: &mut Vec<u8>, command: impl Command) {\n    // TODO: Implement this operation using the contract above.\n    // TODO: Complete the missing operation.\n}	Choose the relevant cases for this contract: zero remaining width, a boundary-sized value, a multibyte character, and an output or filesystem error. Predict the result before running it. Compare that prediction with the actual/expected values and named test in the diagnostic. Follow the value or state through write_ansi; check one assumption at a time. This hint deliberately contains no reference implementation.
scroll_initial	Initialize scroll state without subtracting below zero when the selected row is close to the start. Focus on new in src/list/scroll_state.rs.	Inspect this part of your starter. Identify its inputs, required output type and observable effect; use the compiler diagnostic or failing assertion to locate the missing operation:\n            max_n_rows_to_display: 0,\n            selected,\n            offset: selected.map_or(0, |selected| selected.saturating_add(max_scroll_padding)),\n            scroll_padding: 0,\n            max_scroll_padding,	Choose the relevant cases for this contract: an empty list, the first and last selection, a smaller viewport, and a filter that changes visible row indices. Predict the result before running it. Compare that prediction with the actual/expected values and named test in the diagnostic. Follow the value or state through new; check one assumption at a time. This hint deliberately contains no reference implementation.
scroll_window	Keep the selection visible with padding, then clamp the viewport against the total row count. Focus on update_offset in src/list/scroll_state.rs.	Inspect this part of your starter. Identify its inputs, required output type and observable effect; use the compiler diagnostic or failing assertion to locate the missing operation:\n    fn update_offset(&mut self) {\n        // TODO: Implement this operation using the contract above.\n        // TODO: Complete the missing operation.\n    }	Choose the relevant cases for this contract: an empty list, the first and last selection, a smaller viewport, and a filter that changes visible row indices. Predict the result before running it. Compare that prediction with the actual/expected values and named test in the diagnostic. Follow the value or state through update_offset; check one assumption at a time. This hint deliberately contains no reference implementation.
scroll_next	Move one row forward when a selection exists and clamp at the final row. Focus on select_next in src/list/scroll_state.rs.	Inspect this part of your starter. Identify its inputs, required output type and observable effect; use the compiler diagnostic or failing assertion to locate the missing operation:\n    pub fn select_next(&mut self) {\n        // TODO: Implement this operation using the contract above.\n        // TODO: Complete the missing operation.\n    }	Choose the relevant cases for this contract: an empty list, the first and last selection, a smaller viewport, and a filter that changes visible row indices. Predict the result before running it. Compare that prediction with the actual/expected values and named test in the diagnostic. Follow the value or state through select_next; check one assumption at a time. This hint deliberately contains no reference implementation.
scroll_previous	Move one row backward without underflow; an absent selection remains absent. Focus on select_previous in src/list/scroll_state.rs.	Inspect this part of your starter. Identify its inputs, required output type and observable effect; use the compiler diagnostic or failing assertion to locate the missing operation:\n    pub fn select_previous(&mut self) {\n        if let Some(selected) = self.selected {\n            self.set_selected(selected.saturating_add(1));\n        }\n    }	Choose the relevant cases for this contract: an empty list, the first and last selection, a smaller viewport, and a filter that changes visible row indices. Predict the result before running it. Compare that prediction with the actual/expected values and named test in the diagnostic. Follow the value or state through select_previous; check one assumption at a time. This hint deliberately contains no reference implementation.
scroll_resize	Clear selection for an empty list and clamp a previous selection after rows are removed. Focus on set_n_rows in src/list/scroll_state.rs.	Inspect this part of your starter. Identify its inputs, required output type and observable effect; use the compiler diagnostic or failing assertion to locate the missing operation:\n    pub fn set_n_rows(&mut self, n_rows: usize) {\n        // TODO: Implement this operation using the contract above.\n        // TODO: Complete the missing operation.\n    }	Choose the relevant cases for this contract: an empty list, the first and last selection, a smaller viewport, and a filter that changes visible row indices. Predict the result before running it. Compare that prediction with the actual/expected values and named test in the diagnostic. Follow the value or state through set_n_rows; check one assumption at a time. This hint deliberately contains no reference implementation.
scroll_padding	Limit padding to one quarter of the visible rows and the configured maximum. Focus on update_scroll_padding in src/list/scroll_state.rs.	Inspect this part of your starter. Identify its inputs, required output type and observable effect; use the compiler diagnostic or failing assertion to locate the missing operation:\n    fn update_scroll_padding(&mut self) {\n        self.scroll_padding = (self.max_n_rows_to_display / 4).max(self.max_scroll_padding);\n    }	Choose the relevant cases for this contract: an empty list, the first and last selection, a smaller viewport, and a filter that changes visible row indices. Predict the result before running it. Compare that prediction with the actual/expected values and named test in the diagnostic. Follow the value or state through update_scroll_padding; check one assumption at a time. This hint deliberately contains no reference implementation.
scroll_viewport	Update the viewport size, recompute padding, and then make the selected row visible. Focus on set_max_n_rows_to_display in src/list/scroll_state.rs.	Inspect this part of your starter. Identify its inputs, required output type and observable effect; use the compiler diagnostic or failing assertion to locate the missing operation:\n    pub fn set_max_n_rows_to_display(&mut self, max_n_rows_to_display: usize) {\n        // TODO: Implement this operation using the contract above.\n        // TODO: Complete the missing operation.\n    }	Choose the relevant cases for this contract: an empty list, the first and last selection, a smaller viewport, and a filter that changes visible row indices. Predict the result before running it. Compare that prediction with the actual/expected values and named test in the diagnostic. Follow the value or state through set_max_n_rows_to_display; check one assumption at a time. This hint deliberately contains no reference implementation.
list_model	Construct list state from application progress and the terminal dimensions, preserving row-index mappings. Focus on build in src/list/state.rs.	Inspect this part of your starter. Identify its inputs, required output type and observable effect; use the compiler diagnostic or failing assertion to locate the missing operation:\n        let selected = app_state.current_exercise_ind();\n\n\n        // TODO: Restore this step using the contract above.\n        // TODO: Complete the missing operation.\n        let mut slf = Self {\n            message: String::with_capacity(128),	Choose the relevant cases for this contract: an empty list, the first and last selection, a smaller viewport, and a filter that changes visible row indices. Predict the result before running it. Compare that prediction with the actual/expected values and named test in the diagnostic. Follow the value or state through build; check one assumption at a time. This hint deliberately contains no reference implementation.
list_resize	Update the rendering dimensions and the scroll viewport for the available rows. Focus on set_term_size in src/list/state.rs.	Inspect this part of your starter. Identify its inputs, required output type and observable effect; use the compiler diagnostic or failing assertion to locate the missing operation:\n    pub fn set_term_size(&mut self, width: u16, height: u16) {\n        // TODO: Implement this operation using the contract above.\n        // TODO: Complete the missing operation.\n    }	Choose the relevant cases for this contract: an empty list, the first and last selection, a smaller viewport, and a filter that changes visible row indices. Predict the result before running it. Compare that prediction with the actual/expected values and named test in the diagnostic. Follow the value or state through set_term_size; check one assumption at a time. This hint deliberately contains no reference implementation.
list_rows	Restore one stage of row rendering: selection, completion status, file names, and clipping must remain synchronized. Focus on draw_rows in src/list/state.rs.	Inspect this part of your starter. Identify its inputs, required output type and observable effect; use the compiler diagnostic or failing assertion to locate the missing operation:\n        filtered_exercises: impl Iterator<Item = (usize, &'a Exercise)>,\n    ) -> io::Result<usize> {\n        // TODO: Restore this step using the contract above.\n        // TODO: Complete the missing operation.\n        for (exercise_ind, exercise) in filtered_exercises\n            .skip(row_offset)	Choose the relevant cases for this contract: an empty list, the first and last selection, a smaller viewport, and a filter that changes visible row indices. Predict the result before running it. Compare that prediction with the actual/expected values and named test in the diagnostic. Follow the value or state through draw_rows; check one assumption at a time. This hint deliberately contains no reference implementation.
list_render	Restore one stage of the existing list screen; retain search input, filters, help keys, and terminal-size handling. Focus on draw in src/list/state.rs.	Inspect this part of your starter. Identify its inputs, required output type and observable effect; use the compiler diagnostic or failing assertion to locate the missing operation:\n        stdout.queue(BeginSynchronizedUpdate)?.queue(MoveTo(0, 0))?;\n\n\n        // TODO: Restore this step using the contract above.\n        // TODO: Complete the missing operation.\n        // Rows\n        let iter = self.app_state.exercises().iter().enumerate();	Choose the relevant cases for this contract: an empty list, the first and last selection, a smaller viewport, and a filter that changes visible row indices. Predict the result before running it. Compare that prediction with the actual/expected values and named test in the diagnostic. Follow the value or state through draw; check one assumption at a time. This hint deliberately contains no reference implementation.
list_filter	Rebuild visible exercise indices from the active completion filter and optional search filter. Focus on update_rows in src/list/state.rs.	Inspect this part of your starter. Identify its inputs, required output type and observable effect; use the compiler diagnostic or failing assertion to locate the missing operation:\n                .exercises()\n                .iter()\n                .filter(|exercise| exercise)\n                .count(),\n            Filter::Pending => self	Choose the relevant cases for this contract: an empty list, the first and last selection, a smaller viewport, and a filter that changes visible row indices. Predict the result before running it. Compare that prediction with the actual/expected values and named test in the diagnostic. Follow the value or state through update_rows; check one assumption at a time. This hint deliberately contains no reference implementation.
list_index_mapping	Translate a visible selection through filtered row indices, and report missing/out-of-range selections. Focus on selected_to_exercise_ind in src/list/state.rs.	Inspect this part of your starter. Identify its inputs, required output type and observable effect; use the compiler diagnostic or failing assertion to locate the missing operation:\n                .enumerate()\n                .filter(|(_, exercise)| exercise.done)\n                .nth()\n                .context("Invalid selection index")\n                .map(|(ind, _)| ind),	Choose the relevant cases for this contract: an empty list, the first and last selection, a smaller viewport, and a filter that changes visible row indices. Predict the result before running it. Compare that prediction with the actual/expected values and named test in the diagnostic. Follow the value or state through selected_to_exercise_ind; check one assumption at a time. This hint deliberately contains no reference implementation.
list_reset	Reset the selected exercise and update the corresponding filtered row state. Focus on reset_selected in src/list/state.rs.	Inspect this part of your starter. Identify its inputs, required output type and observable effect; use the compiler diagnostic or failing assertion to locate the missing operation:\n    pub fn reset_selected(&mut self) -> Result<()> {\n        // TODO: Implement this operation using the contract above.\n        // TODO: Complete the missing operation.\n    }	Choose the relevant cases for this contract: an empty list, the first and last selection, a smaller viewport, and a filter that changes visible row indices. Predict the result before running it. Compare that prediction with the actual/expected values and named test in the diagnostic. Follow the value or state through reset_selected; check one assumption at a time. This hint deliberately contains no reference implementation.
list_search	Apply the original substring search to exercise names and synchronize the displayed rows and selection. Focus on apply_search_query in src/list/state.rs.	Inspect this part of your starter. Identify its inputs, required output type and observable effect; use the compiler diagnostic or failing assertion to locate the missing operation:\n        }\n\n\n        // TODO: Restore this step using the contract above.\n        // TODO: Complete the missing operation.\n        match ind {\n            Some(exercise_ind) => self.scroll_state.set_selected(exercise_ind),	Choose the relevant cases for this contract: an empty list, the first and last selection, a smaller viewport, and a filter that changes visible row indices. Predict the result before running it. Compare that prediction with the actual/expected values and named test in the diagnostic. Follow the value or state through apply_search_query; check one assumption at a time. This hint deliberately contains no reference implementation.
list_open	Resolve a selected visible row, make its exercise current, and indicate whether the list should exit. Focus on selected_to_current_exercise in src/list/state.rs.	Inspect this part of your starter. Identify its inputs, required output type and observable effect; use the compiler diagnostic or failing assertion to locate the missing operation:\n    pub fn selected_to_current_exercise(&mut self) -> Result<bool> {\n        // TODO: Implement this operation using the contract above.\n        // TODO: Complete the missing operation.\n    }	Choose the relevant cases for this contract: an empty list, the first and last selection, a smaller viewport, and a filter that changes visible row indices. Predict the result before running it. Compare that prediction with the actual/expected values and named test in the diagnostic. Follow the value or state through selected_to_current_exercise; check one assumption at a time. This hint deliberately contains no reference implementation.
list_keys	Restore one input-handling branch while preserving filtering, navigation, search, reset, and quit behavior. Focus on handle_list in src/list.rs.	Inspect this part of your starter. Identify its inputs, required output type and observable effect; use the compiler diagnostic or failing assertion to locate the missing operation:\nfn handle_list(app_state: &mut AppState, stdout: &mut StdoutLock) -> Result<()> {\n    // TODO: Restore this step using the contract above.\n    // TODO: Complete the missing operation.\n    loop {\n        match event::read().context("Failed to read terminal event")? {	Choose the relevant cases for this contract: an empty list, the first and last selection, a smaller viewport, and a filter that changes visible row indices. Predict the result before running it. Compare that prediction with the actual/expected values and named test in the diagnostic. Follow the value or state through handle_list; check one assumption at a time. This hint deliberately contains no reference implementation.
list_lifecycle	Enter the original list terminal mode and restore it when handling finishes, including error paths. Focus on list in src/list.rs.	Inspect this part of your starter. Identify its inputs, required output type and observable effect; use the compiler diagnostic or failing assertion to locate the missing operation:\n    enable_raw_mode()?;\n\n    let res = handle_list(app_state, stdout);\n\n    // Restore the terminal even if we got an error.	Choose the relevant cases for this contract: an empty list, the first and last selection, a smaller viewport, and a filter that changes visible row indices. Predict the result before running it. Compare that prediction with the actual/expected values and named test in the diagnostic. Follow the value or state through list; check one assumption at a time. This hint deliberately contains no reference implementation.
input_pause	Pause watcher-triggered work while an exercise is running; the existing Drop implementation resumes it. Focus on scoped_pause in src/watch.rs.	Inspect this part of your starter. Identify its inputs, required output type and observable effect; use the compiler diagnostic or failing assertion to locate the missing operation:\n    pub fn scoped_pause() -> Self {\n        EXERCISE_RUNNING.store(false, Relaxed);\n        Self(())\n    }	Choose the relevant cases for this contract: an event for the current exercise, an unrelated event, paused input, a closed channel, and a quit/list transition. Predict the result before running it. Compare that prediction with the actual/expected values and named test in the diagnostic. Follow the value or state through scoped_pause; check one assumption at a time. This hint deliberately contains no reference implementation.
debounce_updates	Restore the debouncer stage so bursts of file events produce one update per modified exercise per quiet interval. Focus on build in src/watch/notify_event.rs.	Inspect this part of your starter. Identify its inputs, required output type and observable effect; use the compiler diagnostic or failing assertion to locate the missing operation:\n            .context("Failed to spawn a thread to debounce file changes")?;\n\n\n        // TODO: Restore this step using the contract above.\n        // TODO: Complete the missing operation.\n}	Choose the relevant cases for this contract: an event for the current exercise, an unrelated event, paused input, a closed channel, and a quit/list transition. Predict the result before running it. Compare that prediction with the actual/expected values and named test in the diagnostic. Follow the value or state through build; check one assumption at a time. This hint deliberately contains no reference implementation.
file_notifications	Ignore unrelated events and non-Rust files, then map changed Rust filenames to exercise indices. Focus on handle_event in src/watch/notify_event.rs.	Inspect this part of your starter. Identify its inputs, required output type and observable effect; use the compiler diagnostic or failing assertion to locate the missing operation:\n                let file_name = path.file_name()?.to_str()?.as_bytes();\n\n                let [file_name_without_ext @ .., b'.', b'r', b'x'] = file_name else {\n                    return None;\n                };	Choose the relevant cases for this contract: an event for the current exercise, an unrelated event, paused input, a closed channel, and a quit/list transition. Predict the result before running it. Compare that prediction with the actual/expected values and named test in the diagnostic. Follow the value or state through handle_event; check one assumption at a time. This hint deliberately contains no reference implementation.
terminal_events	Translate terminal events to watch events while respecting pause/resume coordination and manual-run mode. Focus on terminal_event_handler in src/watch/terminal_event.rs.	Inspect this part of your starter. Identify its inputs, required output type and observable effect; use the compiler diagnostic or failing assertion to locate the missing operation:\n    };\n\n    let _ = sender.send();\n}	Choose the relevant cases for this contract: an event for the current exercise, an unrelated event, paused input, a closed channel, and a quit/list transition. Predict the result before running it. Compare that prediction with the actual/expected values and named test in the diagnostic. Follow the value or state through terminal_event_handler; check one assumption at a time. This hint deliberately contains no reference implementation.
watch_model	Create the watch state and terminal-event thread using the original channel types and initial pending status. Focus on build in src/watch/state.rs.	Inspect this part of your starter. Identify its inputs, required output type and observable effect; use the compiler diagnostic or failing assertion to locate the missing operation:\n        let (terminal_event_unpause_sender, terminal_event_unpause_receiver) = sync_channel(0);\n\n\n        // TODO: Restore this step using the contract above.\n        // TODO: Complete the missing operation.\n        Ok(Self {\n            app_state,	Choose the relevant cases for this contract: an event for the current exercise, an unrelated event, paused input, a closed channel, and a quit/list transition. Predict the result before running it. Compare that prediction with the actual/expected values and named test in the diagnostic. Follow the value or state through build; check one assumption at a time. This hint deliberately contains no reference implementation.
watch_run	Run the selected exercise, record its output and done status, coordinate the editor, and render the result. Focus on run_current_exercise in src/watch/state.rs.	Inspect this part of your starter. Identify its inputs, required output type and observable effect; use the compiler diagnostic or failing assertion to locate the missing operation:\n        let editor_handle = self.app_state.open_editor()?;\n\n\n        // TODO: Restore this step using the contract above.\n        // TODO: Complete the missing operation.\n        let success = self\n            .app_state	Choose the relevant cases for this contract: an event for the current exercise, an unrelated event, paused input, a closed channel, and a quit/list transition. Predict the result before running it. Compare that prediction with the actual/expected values and named test in the diagnostic. Follow the value or state through run_current_exercise; check one assumption at a time. This hint deliberately contains no reference implementation.
watch_reset	Restore a reset-confirmation stage and resume the event thread when the interaction completes. Focus on reset_exercise in src/watch/state.rs.	Inspect this part of your starter. Identify its inputs, required output type and observable effect; use the compiler diagnostic or failing assertion to locate the missing operation:\n        clear_terminal(stdout)?;\n\n\n        // TODO: Restore this step using the contract above.\n        // TODO: Complete the missing operation.\n        {\n            let mut stdin = io::stdin().lock();	Choose the relevant cases for this contract: an event for the current exercise, an unrelated event, paused input, a closed channel, and a quit/list transition. Predict the result before running it. Compare that prediction with the actual/expected values and named test in the diagnostic. Follow the value or state through reset_exercise; check one assumption at a time. This hint deliberately contains no reference implementation.
watch_change	Only rerun for a change to the current exercise. Preserve the index comparison and output propagation. Focus on handle_file_change in src/watch/state.rs.	Inspect this part of your starter. Identify its inputs, required output type and observable effect; use the compiler diagnostic or failing assertion to locate the missing operation:\n        stdout: &mut StdoutLock,\n    ) -> Result<()> {\n        // TODO: Implement this operation using the contract above.\n        // TODO: Complete the missing operation.\n    }	Choose the relevant cases for this contract: an event for the current exercise, an unrelated event, paused input, a closed channel, and a quit/list transition. Predict the result before running it. Compare that prediction with the actual/expected values and named test in the diagnostic. Follow the value or state through handle_file_change; check one assumption at a time. This hint deliberately contains no reference implementation.
watch_completion	Both done variants permit advancing; Pending does not. Focus on done in src/watch/state.rs.	Inspect this part of your starter. Identify its inputs, required output type and observable effect; use the compiler diagnostic or failing assertion to locate the missing operation:\n        match self.done_status {\n            DoneStatus::DoneWithSolution(_) | DoneStatus::DoneWithoutSolution => true,\n            DoneStatus::Pending => true,\n        }\n    }	Choose the relevant cases for this contract: an event for the current exercise, an unrelated event, paused input, a closed channel, and a quit/list transition. Predict the result before running it. Compare that prediction with the actual/expected values and named test in the diagnostic. Follow the value or state through done; check one assumption at a time. This hint deliberately contains no reference implementation.
watch_advance	Advance through AppState only when the current exercise is complete; otherwise report CurrentPending. Focus on next_exercise in src/watch/state.rs.	Inspect this part of your starter. Identify its inputs, required output type and observable effect; use the compiler diagnostic or failing assertion to locate the missing operation:\n    pub fn next_exercise(&mut self, stdout: &mut StdoutLock) -> Result<ExercisesProgress> {\n        // TODO: Implement this operation using the contract above.\n        // TODO: Complete the missing operation.\n    }	Choose the relevant cases for this contract: an event for the current exercise, an unrelated event, paused input, a closed channel, and a quit/list transition. Predict the result before running it. Compare that prediction with the actual/expected values and named test in the diagnostic. Follow the value or state through next_exercise; check one assumption at a time. This hint deliberately contains no reference implementation.
watch_prompt	Restore a prompt stage so only currently valid actions are advertised. Focus on show_prompt in src/watch/state.rs.	Inspect this part of your starter. Identify its inputs, required output type and observable effect; use the compiler diagnostic or failing assertion to locate the missing operation:\n        };\n\n\n        // TODO: Restore this step using the contract above.\n        // TODO: Complete the missing operation.\n        if !self.show_hint {\n            show_key(b'h', b":hint / ")?;	Choose the relevant cases for this contract: an event for the current exercise, an unrelated event, paused input, a closed channel, and a quit/list transition. Predict the result before running it. Compare that prediction with the actual/expected values and named test in the diagnostic. Follow the value or state through show_prompt; check one assumption at a time. This hint deliberately contains no reference implementation.
watch_render	Restore one stage of the existing result screen: diagnostics, hints, solution link, progress, and current path. Focus on render in src/watch/state.rs.	Inspect this part of your starter. Identify its inputs, required output type and observable effect; use the compiler diagnostic or failing assertion to locate the missing operation:\n        }\n\n\n        // TODO: Restore this step using the contract above.\n        // TODO: Complete the missing operation.\n        progress_bar(\n            stdout,	Choose the relevant cases for this contract: an event for the current exercise, an unrelated event, paused input, a closed channel, and a quit/list transition. Predict the result before running it. Compare that prediction with the actual/expected values and named test in the diagnostic. Follow the value or state through render; check one assumption at a time. This hint deliberately contains no reference implementation.
watch_hint	Reveal a hint once and redraw only when its visibility changes. Focus on show_hint in src/watch/state.rs.	Inspect this part of your starter. Identify its inputs, required output type and observable effect; use the compiler diagnostic or failing assertion to locate the missing operation:\n    pub fn show_hint(&mut self, stdout: &mut StdoutLock) -> io::Result<()> {\n        // TODO: Implement this operation using the contract above.\n        // TODO: Complete the missing operation.\n    }	Choose the relevant cases for this contract: an event for the current exercise, an unrelated event, paused input, a closed channel, and a quit/list transition. Predict the result before running it. Compare that prediction with the actual/expected values and named test in the diagnostic. Follow the value or state through show_hint; check one assumption at a time. This hint deliberately contains no reference implementation.
watch_check_all	Run all checks while input is paused; select a newly pending exercise or display the final message. Focus on check_all_exercises in src/watch/state.rs.	Inspect this part of your starter. Identify its inputs, required output type and observable effect; use the compiler diagnostic or failing assertion to locate the missing operation:\n    pub fn check_all_exercises(&mut self, stdout: &mut StdoutLock) -> Result<ExercisesProgress> {\n        // TODO: Implement this operation using the contract above.\n        // TODO: Complete the missing operation.\n    }	Choose the relevant cases for this contract: an event for the current exercise, an unrelated event, paused input, a closed channel, and a quit/list transition. Predict the result before running it. Compare that prediction with the actual/expected values and named test in the diagnostic. Follow the value or state through check_all_exercises; check one assumption at a time. This hint deliberately contains no reference implementation.
watch_resize	Redraw after an actual terminal-width change and avoid redundant redraws. Focus on update_term_width in src/watch/state.rs.	Inspect this part of your starter. Identify its inputs, required output type and observable effect; use the compiler diagnostic or failing assertion to locate the missing operation:\n    pub fn update_term_width(&mut self, width: u16, stdout: &mut StdoutLock) -> io::Result<()> {\n        // TODO: Implement this operation using the contract above.\n        // TODO: Complete the missing operation.\n    }	Choose the relevant cases for this contract: an event for the current exercise, an unrelated event, paused input, a closed channel, and a quit/list transition. Predict the result before running it. Compare that prediction with the actual/expected values and named test in the diagnostic. Follow the value or state through update_term_width; check one assumption at a time. This hint deliberately contains no reference implementation.
watch_dispatch	Restore one branch of the existing watch-event loop without changing event ownership or exit semantics. Focus on run_watch in src/watch.rs.	Inspect this part of your starter. Identify its inputs, required output type and observable effect; use the compiler diagnostic or failing assertion to locate the missing operation:\n    };\n\n\n    // TODO: Restore this step using the contract above.\n    // TODO: Complete the missing operation.\n    watch_state.run_current_exercise(&mut stdout)?;\n	Choose the relevant cases for this contract: an event for the current exercise, an unrelated event, paused input, a closed channel, and a quit/list transition. Predict the result before running it. Compare that prediction with the actual/expected values and named test in the diagnostic. Follow the value or state through run_watch; check one assumption at a time. This hint deliberately contains no reference implementation.
watch_list_transition	Switch between watch and list modes using their existing exit states. Focus on watch_list_loop in src/watch.rs.	Inspect this part of your starter. Identify its inputs, required output type and observable effect; use the compiler diagnostic or failing assertion to locate the missing operation:\n    notify_exercise_names: Option<&'static [&'static [u8]]>,\n) -> Result<()> {\n    // TODO: Implement this operation using the contract above.\n    // TODO: Complete the missing operation.\n}	Choose the relevant cases for this contract: an event for the current exercise, an unrelated event, paused input, a closed channel, and a quit/list transition. Predict the result before running it. Compare that prediction with the actual/expected values and named test in the diagnostic. Follow the value or state through watch_list_loop; check one assumption at a time. This hint deliberately contains no reference implementation.
watch_start	Construct the watcher and channels and enter the existing watch/list loop with its original terminal cleanup. Focus on watch in src/watch.rs.	Inspect this part of your starter. Identify its inputs, required output type and observable effect; use the compiler diagnostic or failing assertion to locate the missing operation:\n) -> Result<()> {\n    // TODO: Use cfg_select! after MSRV 1.95\n\n    // TODO: Restore this step using the contract above.\n    // TODO: Complete the missing operation.\n    #[cfg(windows)]\n    watch_list_loop(app_state, notify_exercise_names)	Choose the relevant cases for this contract: an event for the current exercise, an unrelated event, paused input, a closed channel, and a quit/list transition. Predict the result before running it. Compare that prediction with the actual/expected values and named test in the diagnostic. Follow the value or state through watch; check one assumption at a time. This hint deliberately contains no reference implementation.
editor_process	Execute an editor command and preserve output/error context without silently accepting nonzero exit status. Focus on run_cmd in src/editor.rs.	Inspect this part of your starter. Identify its inputs, required output type and observable effect; use the compiler diagnostic or failing assertion to locate the missing operation:\nfn run_cmd(cmd: &mut Command) -> Result<Vec<u8>> {\n    // TODO: Implement this operation using the contract above.\n    // TODO: Complete the missing operation.\n}	Choose the relevant cases for this contract: an absent executable, a nonzero child exit, a completed editor thread, and an existing versus missing pane. Predict the result before running it. Compare that prediction with the actual/expected values and named test in the diagnostic. Follow the value or state through run_cmd; check one assumption at a time. This hint deliberately contains no reference implementation.
editor_discovery	Use the existing version probe to detect a program; process spawning failures mean unavailable. Focus on program_exists in src/editor.rs.	Inspect this part of your starter. Identify its inputs, required output type and observable effect; use the compiler diagnostic or failing assertion to locate the missing operation:\nfn program_exists(program: &str) -> bool {\n    // TODO: Implement this operation using the contract above.\n    // TODO: Complete the missing operation.\n}	Choose the relevant cases for this contract: an absent executable, a nonzero child exit, a completed editor thread, and an existing versus missing pane. Predict the result before running it. Compare that prediction with the actual/expected values and named test in the diagnostic. Follow the value or state through program_exists; check one assumption at a time. This hint deliberately contains no reference implementation.
editor_selection	Choose the configured editor, VS Code, or Zellij according to the original precedence and argument parsing. Focus on new in src/editor.rs.	Inspect this part of your starter. Identify its inputs, required output type and observable effect; use the compiler diagnostic or failing assertion to locate the missing operation:\n        if let Some(cmd) = cmd {\n            let shlex = &mut Shlex::new(&cmd);\n            let program = shlex.next.context("Program missing in `--edit-cmd`")?;\n            let args = shlex.collect();\n            if shlex.had_error {	Choose the relevant cases for this contract: an absent executable, a nonzero child exit, a completed editor thread, and an existing versus missing pane. Predict the result before running it. Compare that prediction with the actual/expected values and named test in the diagnostic. Follow the value or state through new; check one assumption at a time. This hint deliberately contains no reference implementation.
editor_launch	Restore one launch stage, preserving asynchronous startup and the editor-specific exercise path arguments. Focus on open in src/editor.rs.	Inspect this part of your starter. Identify its inputs, required output type and observable effect; use the compiler diagnostic or failing assertion to locate the missing operation:\n                match &mut self {\n                    Editor::Cmd(program, args) => {\n                        // TODO: Complete the missing operation.\n                    }\n                    Editor::Zellij(open_pane) => {	Choose the relevant cases for this contract: an absent executable, a nonzero child exit, a completed editor thread, and an existing versus missing pane. Predict the result before running it. Compare that prediction with the actual/expected values and named test in the diagnostic. Follow the value or state through open; check one assumption at a time. This hint deliberately contains no reference implementation.
editor_close	Close managed Zellij panes while retaining the original behavior for ordinary command-based editors. Focus on close in src/editor.rs.	Inspect this part of your starter. Identify its inputs, required output type and observable effect; use the compiler diagnostic or failing assertion to locate the missing operation:\n    pub fn close(&mut self) -> Result<()> {\n        // TODO: Implement this operation using the contract above.\n        // TODO: Complete the missing operation.\n    }	Choose the relevant cases for this contract: an absent executable, a nonzero child exit, a completed editor thread, and an existing versus missing pane. Predict the result before running it. Compare that prediction with the actual/expected values and named test in the diagnostic. Follow the value or state through close; check one assumption at a time. This hint deliberately contains no reference implementation.
editor_join	Join an optional editor startup task and propagate its returned editor or error. Focus on join in src/editor.rs.	Inspect this part of your starter. Identify its inputs, required output type and observable effect; use the compiler diagnostic or failing assertion to locate the missing operation:\n    pub fn join(self) -> Result<Option<Editor>> {\n        // TODO: Implement this operation using the contract above.\n        // TODO: Complete the missing operation.\n    }	Choose the relevant cases for this contract: an absent executable, a nonzero child exit, a completed editor thread, and an existing versus missing pane. Predict the result before running it. Compare that prediction with the actual/expected values and named test in the diagnostic. Follow the value or state through join; check one assumption at a time. This hint deliberately contains no reference implementation.
pane_identifier	Parse the existing terminal_<decimal-id> newline format and return both the original digits and their numeric value. Focus on parse_pane_id in src/editor/zellij.rs.	Inspect this part of your starter. Identify its inputs, required output type and observable effect; use the compiler diagnostic or failing assertion to locate the missing operation:\n\n    for c in rest {\n        id = 16 * id + u32::from(c - b'0');\n    }\n	Choose the relevant cases for this contract: an absent executable, a nonzero child exit, a completed editor thread, and an existing versus missing pane. Predict the result before running it. Compare that prediction with the actual/expected values and named test in the diagnostic. Follow the value or state through parse_pane_id; check one assumption at a time. This hint deliberately contains no reference implementation.
pane_status	Parse Zellij pane JSON and determine whether the requested pane ID is still present. Focus on pane_open in src/editor/zellij.rs.	Inspect this part of your starter. Identify its inputs, required output type and observable effect; use the compiler diagnostic or failing assertion to locate the missing operation:\npub fn pane_open(pane_id: u32) -> Result<bool> {\n    // TODO: Implement this operation using the contract above.\n    // TODO: Complete the missing operation.\n}	Choose the relevant cases for this contract: an absent executable, a nonzero child exit, a completed editor thread, and an existing versus missing pane. Predict the result before running it. Compare that prediction with the actual/expected values and named test in the diagnostic. Follow the value or state through pane_open; check one assumption at a time. This hint deliberately contains no reference implementation.
pane_close	Pass the pane ID as a separate argument to the original Zellij close-pane command. Focus on close_pane in src/editor/zellij.rs.	Inspect this part of your starter. Identify its inputs, required output type and observable effect; use the compiler diagnostic or failing assertion to locate the missing operation:\npub fn close_pane(pane_id: &str) -> Result<()> {\n    // TODO: Implement this operation using the contract above.\n    // TODO: Complete the missing operation.\n}	Choose the relevant cases for this contract: an absent executable, a nonzero child exit, a completed editor thread, and an existing versus missing pane. Predict the result before running it. Compare that prediction with the actual/expected values and named test in the diagnostic. Follow the value or state through close_pane; check one assumption at a time. This hint deliberately contains no reference implementation.
app_editor_start	Coordinate the application current-exercise path with the optional editor startup task. Focus on open_editor in src/app_state.rs.	Inspect this part of your starter. Identify its inputs, required output type and observable effect; use the compiler diagnostic or failing assertion to locate the missing operation:\n    pub fn open_editor(&mut self) -> Result<EditorJoinHandle> {\n        // TODO: Implement this operation using the contract above.\n        // TODO: Complete the missing operation.\n    }	Choose the relevant cases for this contract: an absent executable, a nonzero child exit, a completed editor thread, and an existing versus missing pane. Predict the result before running it. Compare that prediction with the actual/expected values and named test in the diagnostic. Follow the value or state through open_editor; check one assumption at a time. This hint deliberately contains no reference implementation.
app_editor_join	Join the startup task and put the resulting editor back into AppState. Focus on join_editor_handle in src/app_state.rs.	Inspect this part of your starter. Identify its inputs, required output type and observable effect; use the compiler diagnostic or failing assertion to locate the missing operation:\n    pub fn join_editor_handle(&mut self, handle: EditorJoinHandle) -> Result<()> {\n        // TODO: Implement this operation using the contract above.\n        // TODO: Complete the missing operation.\n    }	Choose the relevant cases for this contract: an absent executable, a nonzero child exit, a completed editor thread, and an existing versus missing pane. Predict the result before running it. Compare that prediction with the actual/expected values and named test in the diagnostic. Follow the value or state through join_editor_handle; check one assumption at a time. This hint deliberately contains no reference implementation.
app_editor_close	Close the optional editor and preserve the no-editor path. Focus on close_editor in src/app_state.rs.	Inspect this part of your starter. Identify its inputs, required output type and observable effect; use the compiler diagnostic or failing assertion to locate the missing operation:\n    pub fn close_editor(&mut self) -> Result<()> {\n        // TODO: Implement this operation using the contract above.\n        // TODO: Complete the missing operation.\n    }	Choose the relevant cases for this contract: an absent executable, a nonzero child exit, a completed editor thread, and an existing versus missing pane. Predict the result before running it. Compare that prediction with the actual/expected values and named test in the diagnostic. Follow the value or state through close_editor; check one assumption at a time. This hint deliberately contains no reference implementation.
author_names	Permit alphanumeric characters and underscores in exercise names. Report the first forbidden character. Focus on forbidden_char in src/dev/check.rs.	Inspect this part of your starter. Identify its inputs, required output type and observable effect; use the compiler diagnostic or failing assertion to locate the missing operation:\nfn forbidden_char(input: &str) -> Option<char> {\n    input.chars().find(|c| !c.is_alphanumeric() || *c != '_')\n}	Choose the relevant cases for this contract: a valid course, a malformed catalog, a stale manifest, a missing solution, an already-solved starter, and an existing output path. Predict the result before running it. Compare that prediction with the actual/expected values and named test in the diagnostic. Follow the value or state through forbidden_char; check one assumption at a time. This hint deliberately contains no reference implementation.
author_manifest	Generate the expected binary registration and compare it against the manifest without modifying that manifest. Focus on check_cargo_toml in src/dev/check.rs.	Inspect this part of your starter. Identify its inputs, required output type and observable effect; use the compiler diagnostic or failing assertion to locate the missing operation:\n    let (bins_start_ind, bins_end_ind) = bins_start_end_ind(&current_cargo_toml)?;\n\n\n    // TODO: Restore this step using the contract above.\n    // TODO: Complete the missing operation.\n    if old_bins != new_bins {\n        if cfg!(debug_assertions) {	Choose the relevant cases for this contract: a valid course, a malformed catalog, a stale manifest, a missing solution, an already-solved starter, and an existing output path. Predict the result before running it. Compare that prediction with the actual/expected values and named test in the diagnostic. Follow the value or state through check_cargo_toml; check one assumption at a time. This hint deliberately contains no reference implementation.
author_catalog	Restore one validation stage for unique names, hints, paths, TODO guidance, and declared test presence. Focus on check_info_file_exercises in src/dev/check.rs.	Inspect this part of your starter. Identify its inputs, required output type and observable effect; use the compiler diagnostic or failing assertion to locate the missing operation:\nfn check_info_file_exercises(info_file: &InfoFile) -> Result<HashSet<PathBuf>> {\n    // TODO: Restore this step using the contract above.\n    // TODO: Complete the missing operation.\n    let mut file_buf = String::with_capacity(1 << 14);\n    for exercise_info in &info_file.exercises {	Choose the relevant cases for this contract: a valid course, a malformed catalog, a stale manifest, a missing solution, an already-solved starter, and an existing output path. Predict the result before running it. Compare that prediction with the actual/expected values and named test in the diagnostic. Follow the value or state through check_info_file_exercises; check one assumption at a time. This hint deliberately contains no reference implementation.
author_file_inventory	Reject undeclared files and excessive directory nesting while allowing chapter READMEs and declared inputs. Focus on check_unexpected_files in src/dev/check.rs.	Inspect this part of your starter. Identify its inputs, required output type and observable effect; use the compiler diagnostic or failing assertion to locate the missing operation:\nfn check_unexpected_files(dir: &str, allowed_files: &HashSet<PathBuf>) -> Result<()> {\n    // TODO: Restore this step using the contract above.\n    // TODO: Complete the missing operation.\n    for entry in read_dir(dir).with_context(|| format!("Failed to open the `{dir}` directory"))? {\n        let entry = entry.with_context(|| format!("Failed to read the `{dir}` directory"))?;	Choose the relevant cases for this contract: a valid course, a malformed catalog, a stale manifest, a missing solution, an already-solved starter, and an existing output path. Predict the result before running it. Compare that prediction with the actual/expected values and named test in the diagnostic. Follow the value or state through check_unexpected_files; check one assumption at a time. This hint deliberately contains no reference implementation.
author_unsolved	Run every non-exempt starter and reject an already solved exercise; propagate worker failures. Focus on check_exercises_unsolved in src/dev/check.rs.	Inspect this part of your starter. Identify its inputs, required output type and observable effect; use the compiler diagnostic or failing assertion to locate the missing operation:\n    stdout.write_all(b"Running all exercises to check that they aren't already solved...\\n")?;\n\n\n    // TODO: Restore this step using the contract above.\n    // TODO: Complete the missing operation.\n    let mut progress_counter = ProgressCounter::new(&mut stdout, handles.len())?;\n	Choose the relevant cases for this contract: a valid course, a malformed catalog, a stale manifest, a missing solution, an already-solved starter, and an existing output path. Predict the result before running it. Compare that prediction with the actual/expected values and named test in the diagnostic. Follow the value or state through check_exercises_unsolved; check one assumption at a time. This hint deliberately contains no reference implementation.
author_format	Validate the format version and combine metadata, directory, and unsolved-starter checks. Focus on check_exercises in src/dev/check.rs.	Inspect this part of your starter. Identify its inputs, required output type and observable effect; use the compiler diagnostic or failing assertion to locate the missing operation:\nfn check_exercises(info_file: &'static InfoFile, cmd_runner: &'static CmdRunner) -> Result<()> {\n    match info_file.format_version.cmp(CURRENT_FORMAT_VERSION) {\n        Ordering::Less => bail!(\n            "`format_version` < {CURRENT_FORMAT_VERSION} (supported version)\\n\\	Choose the relevant cases for this contract: a valid course, a malformed catalog, a stale manifest, a missing solution, an already-solved starter, and an existing output path. Predict the result before running it. Compare that prediction with the actual/expected values and named test in the diagnostic. Follow the value or state through check_exercises; check one assumption at a time. This hint deliberately contains no reference implementation.
author_solutions	Restore one solution-validation stage, preserving required-solution handling, strict Clippy, formatting, and unexpected-file checks. Focus on check_solutions in src/dev/check.rs.	Inspect this part of your starter. Identify its inputs, required output type and observable effect; use the compiler diagnostic or failing assertion to locate the missing operation:\n        .stdin(Stdio::null());\n\n\n    // TODO: Restore this step using the contract above.\n    // TODO: Complete the missing operation.\n    for (exercise_info, handle) in info_file.exercises.iter().zip(handles) {\n        let Ok(check_result) = handle.join() else {	Choose the relevant cases for this contract: a valid course, a malformed catalog, a stale manifest, a missing solution, an already-solved starter, and an existing output path. Predict the result before running it. Compare that prediction with the actual/expected values and named test in the diagnostic. Follow the value or state through check_solutions; check one assumption at a time. This hint deliberately contains no reference implementation.
author_gate	Enforce catalog-size and manifest constraints before validating starters and solutions. Focus on check in src/dev/check.rs.	Inspect this part of your starter. Identify its inputs, required output type and observable effect; use the compiler diagnostic or failing assertion to locate the missing operation:\n    let info_file = Box::leak(Box::new(info_file));\n\n    // TODO: Complete the missing operation.\n    check_solutions(require_solutions, info_file, cmd_runner)?;\n	Choose the relevant cases for this contract: a valid course, a malformed catalog, a stale manifest, a missing solution, an already-solved starter, and an existing output path. Predict the result before running it. Compare that prediction with the actual/expected values and named test in the diagnostic. Follow the value or state through check; check one assumption at a time. This hint deliberately contains no reference implementation.
author_directories	Create a relative project directory and attach its path to any failure. Focus on create_rel_dir in src/dev/new.rs.	Inspect this part of your starter. Identify its inputs, required output type and observable effect; use the compiler diagnostic or failing assertion to locate the missing operation:\nfn create_rel_dir(dir_name: &str, current_dir: &str) -> Result<()> {\n    // TODO: Implement this operation using the contract above.\n    // TODO: Complete the missing operation.\n}	Choose the relevant cases for this contract: a valid course, a malformed catalog, a stale manifest, a missing solution, an already-solved starter, and an existing output path. Predict the result before running it. Compare that prediction with the actual/expected values and named test in the diagnostic. Follow the value or state through create_rel_dir; check one assumption at a time. This hint deliberately contains no reference implementation.
author_files	Write generated project content to the named relative file and retain actionable error context. Focus on write_rel_file in src/dev/new.rs.	Inspect this part of your starter. Identify its inputs, required output type and observable effect; use the compiler diagnostic or failing assertion to locate the missing operation:\n    C: AsRef<[u8]>,\n{\n    // TODO: Implement this operation using the contract above.\n    // TODO: Complete the missing operation.\n}	Choose the relevant cases for this contract: a valid course, a malformed catalog, a stale manifest, a missing solution, an already-solved starter, and an existing output path. Predict the result before running it. Compare that prediction with the actual/expected values and named test in the diagnostic. Follow the value or state through write_rel_file; check one assumption at a time. This hint deliberately contains no reference implementation.
author_new_course	Restore one community-course initialization stage, including the original optional Git behavior. Focus on new in src/dev/new.rs.	Inspect this part of your starter. Identify its inputs, required output type and observable effect; use the compiler diagnostic or failing assertion to locate the missing operation:\n    create_rel_dir("solutions", &dir_path_str)?;\n\n\n    // TODO: Restore this step using the contract above.\n    // TODO: Complete the missing operation.\n    write_rel_file("Cargo.toml", &dir_path_str, CARGO_TOML)?;\n	Choose the relevant cases for this contract: a valid course, a malformed catalog, a stale manifest, a missing solution, an already-solved starter, and an existing output path. Predict the result before running it. Compare that prediction with the actual/expected values and named test in the diagnostic. Follow the value or state through new; check one assumption at a time. This hint deliberately contains no reference implementation.
author_update_manifest	Regenerate only the bin list and preserve the rest of the existing manifest. Focus on update_cargo_toml in src/dev/update.rs.	Inspect this part of your starter. Identify its inputs, required output type and observable effect; use the compiler diagnostic or failing assertion to locate the missing operation:\n    exercise_path_prefix: &[u8],\n) -> Result<()> {\n    // TODO: Implement this operation using the contract above.\n    // TODO: Complete the missing operation.\n}	Choose the relevant cases for this contract: a valid course, a malformed catalog, a stale manifest, a missing solution, an already-solved starter, and an existing output path. Predict the result before running it. Compare that prediction with the actual/expected values and named test in the diagnostic. Follow the value or state through update_cargo_toml; check one assumption at a time. This hint deliberately contains no reference implementation.
author_update	Update the proper manifest for official development or a community course without redesigning either workflow. Focus on update in src/dev/update.rs.	Inspect this part of your starter. Identify its inputs, required output type and observable effect; use the compiler diagnostic or failing assertion to locate the missing operation:\npub fn update() -> Result<()> {\n    // TODO: Implement this operation using the contract above.\n    // TODO: Complete the missing operation.\n}	Choose the relevant cases for this contract: a valid course, a malformed catalog, a stale manifest, a missing solution, an already-solved starter, and an existing output path. Predict the result before running it. Compare that prediction with the actual/expected values and named test in the diagnostic. Follow the value or state through update; check one assumption at a time. This hint deliberately contains no reference implementation.
author_dispatch	Dispatch New, Check, and Update through their original handlers and preserve the debug-build restriction. Focus on run in src/dev.rs.	Inspect this part of your starter. Identify its inputs, required output type and observable effect; use the compiler diagnostic or failing assertion to locate the missing operation:\n    pub fn run(self) -> Result<()> {\n        // TODO: Implement this operation using the contract above.\n        // TODO: Complete the missing operation.\n    }	Choose the relevant cases for this contract: a valid course, a malformed catalog, a stale manifest, a missing solution, an already-solved starter, and an existing output path. Predict the result before running it. Compare that prediction with the actual/expected values and named test in the diagnostic. Follow the value or state through run; check one assumption at a time. This hint deliberately contains no reference implementation.
embedded_macro	Restore a stage of the real procedural macro: ordered exercises, solutions, directory indices, inputs, and READMEs must remain aligned. Focus on include_files in rustlings-macros/src/lib.rs.	Inspect this part of your starter. Identify its inputs, required output type and observable effect; use the compiler diagnostic or failing assertion to locate the missing operation:\n    let mut dir_inds = vec![0; exercises.len()];\n\n\n    // TODO: Restore this step using the contract above.\n    // TODO: Complete the missing operation.\n    let input_files = exercises.iter().map(|exercise| {\n        let names = exercise.input_files.iter();	Choose the relevant cases for this contract: a normal launch, an invalid command, a community catalog, and a packaged course without the original checkout. Predict the result before running it. Compare that prediction with the actual/expected values and named test in the diagnostic. Follow the value or state through include_files; check one assumption at a time. This hint deliberately contains no reference implementation.
launch_dispatch	Restore the missing launch stage, preserving priority commands, initialization checks, normal CLI dispatch, and exit status. Then reconstruct and run the complete checker. Focus on main in src/main.rs.	Inspect this part of your starter. Identify its inputs, required output type and observable effect; use the compiler diagnostic or failing assertion to locate the missing operation:\n    }\n\n\n    // TODO: Restore this step using the contract above.\n    // TODO: Complete the missing operation.\n    if info_file.format_version > CURRENT_FORMAT_VERSION {\n        bail!(FORMAT_VERSION_HIGHER_ERR);	Choose the relevant cases for this contract: a normal launch, an invalid command, a community catalog, and a packaged course without the original checkout. Predict the result before running it. Compare that prediction with the actual/expected values and named test in the diagnostic. Follow the value or state through main; check one assumption at a time. This hint deliberately contains no reference implementation.
